Step Location,Step Size
3,-18.85210118115573
565,-46.541885689327856
1336,-96.41968583270292
2001,-26.732509714834578
